{"cameraMode":{"drawMode":0,"name":"Shaded","section":"Shading Mode"},"sceneLighting":false,"audioPlay":false,"sceneViewState":{"showFog":true,"showMaterialUpdate":false,"showSkybox":true,"showFlares":true,"showImageEffects":true,"showParticleSystems":true},"in2DMode":false,"pivot":{"x":4.914721965789795,"y":-3.812826156616211,"z":2.812541961669922},"rotation":{"x":-0.5024011135101318,"y":-0.4972943067550659,"z":0.4875543415546417,"w":-0.5124358534812927},"size":7.750601768493652,"orthographic":false}